text,gold,pred
Personne n'a jamais été forcé à se convertir à l'islam. Ça se saurait.,no,NO
Chaque culte à sa viande. En quoi cela vous pose t il problème de manger de la viande hallal dans la mesure ou vous n'avez pas d'interdit?,no,NO
Dans un pays libre elles sont libres de porter ce qu'elles veulent.,no,NO
"Renseignez-vous : l'affaire ""Babilou"", pour ne citer qu'elle, concernait une directrice adjointe qui était voilée.",no,NO
La critique et le blasphémé sont deux choses différentes.,no,NO
"Oui évidemment car personne ne souhaite leur donner une chance de montrer leur competence. Les défenseurs de la laïcité islaophobe l'ont enfermé. Heureusement que la règle a toujours des exceptions, vous découvrirez vous mêmes chez nos voisins ce que les femmes voilées sont capables de faire!",no,NO
Ce ne sont pas les musulmans qui bombarde en Syrie Libye Mali et j'en passe.,no,NO
"Apres Toi, car la plus part des racisistes sont d'origine européenne et autre, très peu de français de souche.",no,NO
Toujours à politiser votre intolérance.,no,NO
Faire le jeu de la division empêche d'avancer ensemble sur les questions de racisme et les questions sociales.,no,NO
L'islam va à l'encontre des valeurs francaises.,yes,NO
Les premieres victimes des terroristes sont les musulmans. Vous en etes sur?,no,NO
De tels propos mettent en péril le vivre ensemble.,no,NO
Je peux vous renvoyez à l'ouvrage : Elites françaises et construction du problème musulman de Julien beaugé et abdellali Hajjat.,no,NO
Il va falloir faire une mise à jour de votre vocabulaire ou essayer de pas tout mélanger avec les amalgames si je m amuse à dire que tous les prêtres sont pédophiles et que les juifs aiment l argent je pourrais dire que j ai le même score de qi que vous soit 5.,no,NO
Et les personnes agoraphobes?,no,NO
Bien au contraire la laïcité permet à tout citoyen de vivre librement sa confession.,no,NO
Les femmes au foyer sont de toute religion.,no,NO
Vous réduisez la richesse de cette religion a une interprétation plus que remise en cause si ce n'est par vos médias.,no,NO
Et celles qui sont célibataires?,no,NO
Et cycliste aussi.,no,NO
Faux les musulmans rencontrent comme tous leur concitoyens tout au long de leur parcours toutes sortent de personnes à l école au travail qui sont des lieux de socialisation. Ils s éloignent des gens haineux bien sûr et la stigmatisaitii. Et discriminatio peut les emmener à s exclure par peur de la confrontation.,no,NO
Je ne suis pas bonne en mathématiques.,no,NO
Faux nous savons vivre ensemble.,no,NO
Une création linguistique visant à manipuler l'opinion publique.,no,NO
Je n'ai jamais vu une femme voilées revendiquer un mouvement politique.,no,NO
Plus tolérant que nous.,no,NO
Votre réponse est trop manichéenne. On vit dans un monde de nuance. Peut etre y a t il une infime partie qui en fait partie tout comme l ira en irlande ou les farc en colombie ou d autres groupes chretiens africains en font partie. Ce n est pas le propre de l islam.,no,NO
Musulman est une religion pas un pays.,no,NO
L'islam n'est pas une religion appartenant au moyen orient.,no,NO
"L'islam est une religion de paix, d'amour et de fraternité, il a jamais été question de tuer ou brutaliser des personnes.",no,NO
"En France, rien n'oblige les femmes à porter un foulard à part le choix personnel. Aucune soumission, ni obligation, c'est une pratique religieuse qui leur permet de vivre leur foi en paix.",no,NO
Comment pouvez vous tenir ce genre de propos alors que vous ne connaissez rien de la place de la femme en Islam!,no,NO
"La laïcité, valeur de la république, devrait être là pour garantir les droits des musulmans.",no,NO
Gentils? C'est gentil mais vous savez il y a un peu de tout.,no,NO
Tous les jours l islam vous prouve le contraire.,no,NO
La république par définition garantie la liberté des cultes.,no,NO
Les pays occidentaux ont largement contribué aux guerres.,no,NO
Musulmans convertis vont ou?,no,NO
Drôle de définition d'une agression.,no,NO
"L'islam est venue bien avant l'Europe, donc relié l'islam a l'Europe n'est pas correct.",no,NO
Faite vous la différence entre arabe et musulman?,no,NO
C'est votre problème pas le mien!,no,NO
Pas d'autres iste.,no,NO
Complètement faux.,no,NO
Le musulman est un facilitateur et est une partie de la solution du vivre ensemble.,no,NO
Porter un voile est juste une liberté religieuse.,no,NO
"J'ai un logement et j'habite en France, donc je ne comprends pas de quoi vous parlez ?",no,NO
"Le voile est une dévotion religieuse, comme les prières pour toutes les religions.",no,NO
"De même, votre culotte peut être inconfortable pour les autres.",no,NO
Je ne réponds pas à cette question. Car celui qui la poser chercher à provoquer.,no,NO
Elles sont victimes de discrimination à l'embauche.,no,NO
Les musulmans ont envahi nos pays.,yes,NO
Les femmes voilées sont soumises et obligées de porter le foulard.,yes,NO
Les musulmans ont toujours vécu en paix avec les non musulmans.,no,NO
Est ce que vous avez demandé à toutes les femmes voilées qui les oblige a le porter pour affirmer cela.,no,NO
"L'islamophobie est un délit, punie par la loi, envers les musulmans, ce n'est en aucun cas un devoir.",no,NO
Mensonges.,no,NO
Exclure une partie des citoyens est un moyen de soumettre les citoyens.,no,NO
Les citoyens d'une nation (de quelconque religion) ont vocation à jouir de leurs droits conférés par les impôts collectés.,no,NO
A quand l antivirus des fascistes?,no,NO
Si elles ne travaillent pas c'est peut étre parce que l'état le leur interdit.,no,NO
Votre tutoiement est un manque de respect et une agression verbale contre moi.,no,NO
Ces que vous ne connaisse pas les femmes LOL.,no,NO
Les femmes qui portent le foulard peuvent si elles le souhaitent travailler ou si cela s'avère nécessaire. À partir du moment où ce travaille n'entrave pas les lois du pays .,no,NO
Sortez de votre grotte.,no,NO
Que faites vous de la liberté de conscience? Beaucoup de femmes portent des bérets ou chapeaux pour passer inaperçues tout en préservant leur conscience tranquille; elle est où la démonstration de l'islam politique?,no,NO
Pas du tout c'est du savoir vivre et du respect envers chaque religion.,no,NO
L'impression d'islamisation vient de la sur-médiatisation de l'islam actuellement c'est comme mettre un spot sur l'islam alors que cette religion existe depuis plus de 1500 ans et personne n'en parlait.,no,NO
"Au niveau statistique c'est faux, souhaitez vous les sources?",no,NO
"C'est quoi un voile islamique? Encore une fois, il me faut du contexte! Islam politique? C'est à dire ?",no,NO
Il n'y a que l'islam qui accepte et tolère les autres religions.,no,NO
"Si c'était le cas, il serait uniforme. Or toutes formes et couleurs sont présentes.",no,NO
Cela traduit peut être une discrimination à l'embauche.,no,NO
L'islam déteste les chrétiens et les juifs.,yes,NO
Il existe un pays de musulman? Soit je suis nul en géographie soit y a un problème avec votre phrase d inculte.,no,NO
"Beaucoup travaillent,mais vous le niez.",no,NO
Le travail se mérite.,no,NO
Et l'inverse?car je regarde un livre d'histoire de 3ème. Et c'est gênant pour vous.,no,NO
Lislamophobie est une forme de racisme deconplexee envers l'islam!,no,NO
L'islam est une religion non raciste ou toute personne est respectée quelque soit son origine et sa religion.,no,NO
Un foulard bout de tissu qui couvre la tête non nocif non explosif.,no,NO
"Une telle réflexion mérite le prix Nobel! Sérieusement, vous mettez en grave danger votre crédibilité intellectuelle.",no,NO
Ce discours pourrait également être perçu comme une sorte d'attaque contre l'intelligence et l'ouverture.,no,NO
L'islam est une religion de tolérance.,no,NO
Beaucoup d'actions de solidarité sont menés par des musulmans.,no,NO
Les actes antisémites connus dans l'histoire ont été commis par des européens non musulmans.,no,NO
Discours de haine et de jugement non fondé!,no,NO
"Il y a confusion. La laïcité veut dire que l'état n'a pas de religion officielle, mais les citoyens ont choix de religion et de la manifester; l'état est garant de ces libertés. Donc le port du voile est une liberté pleinement garanti par la loi.",no,NO
C'est un mensonge.,no,NO
La laïcité le permet.,no,NO
Des qu'une femme s'exprime bien en public ça pose problème.,no,NO
"Les pauvres, voilà ce qui arrive après tant d années de colonisation, l'élève a dépassé le maître!",no,NO
La liberté d'expression est défini par la lois Française.,no,NO
"Est ce que je vous interpelle sur votre propre habillement, votre maquillage ou votre parfum?",no,NO
La différence n'es pas une mauvaise chose.,no,NO
"Il y aura ""le problème musulman"" tant que les média parlent des musulmans sans leur donner la parole.",no,NO
Je suis certainement plus patriote que vous.,no,NO
"L'islam est majoritaire à Mayotte, très présent à la Réunion. Les habitants s'en portent ils mal pour autant?",no,NO
"En Europe, il n'y a qu'en France qu'on cherche noise aux femmes portant un foulard à l'université, au travail ou dans l'espace public.",no,NO
"Si cela serait le cas alors aucun chrétien, juif ou païen n'aurait pu vivre en terre musulmane du temps du Prophète ou après.",no,NO
Tu n as nul besoin d adherer a mes convictions.,no,NO
Si un voile a cet effet sur toi comment supportes tu de te balader en ville avec autant de melting pot?,no,NO
Les musulmans sont antisémites.,yes,NO
"Vous avez oublié : anthropophages, satanistes, crypto-anarchistes, bolchéviques, arabo-maçons (et oui, vous n'en avez jamais entendu parler, c'est un complot!), antisémites, assassins. Soyons précis s'il vous plait!",no,NO
Vous souhaitez attiser la peur afin d'engendrer la haine.,no,NO
Plus facile pour attaquer ce choix.,no,NO
Et le voile protestant?,no,NO
Vous pouvez nous traite de tout les noms mes la seul vérités est que le racisme ne mène nul'part.,no,NO
L'islam est une religion de tolérance et de lumière. L'apport des savants musulmans au bien être de l'humanité est connu. N'importe quel obscurantisme est étranger au courant.,no,NO
La femme voilée est libre de disposer de son corps comme elle l'entend.,no,NO
Les saoudiens sont des exceptions puisqu'on à rien à redire quand il s'agit de commercer avec eux.,no,NO
Les musulmans dans leurs majorités respectent les lois de la république.,no,NO
Les musulmans sont en grande majorité intégré.,no,NO
"Ignorance de la religion musulmane, l'islam est une religion de paix.",no,NO
Quel est le pays des musulmans? La musulmanie?,no,NO
On ne comprend rien à vos amalgames.,no,NO
L'islam est paix amour tolérance respect.,no,NO
L'islam est une religion de tolérance et de paix.,no,NO
On ne peut pas faire confiance aux musulmans c'est tous des escrocs.,yes,NO
L'islam est une religion de paix n'en déplaise aux terroristes.,no,NO
Avez vous des preuves de ce que vous avancez?,no,NO
Le Coran honore certaines femmes telles que Marie (mère de Jésus) et la femme de Pharaon.,no,NO
C'est la phrase intelligente du jour! Soyons sérieux.,no,NO
Le terrorisme est une méthode contraire au dogme musulman.,no,NO
"Avez vous le droit de traiter de terroriste tous les musulmans de votre entourage? Vos collègues au travail, vos camarades de classe, votre voisin?",no,NO
"Pas d'autre mots en iste. Biologiste, chimiste, c'est bien pour faire des bombes.",no,NO
Pour certaines c'est vrai mais pas pour toutes. Une idée lumineuse : Demandez leur?,no,NO
Les musulmans sont tous des terroristes fondamentalistes islamistes salafistes.,yes,NO
Même raccourci que vont les terroristes.,no,NO
La soumission de la femme est ces propos tenu par des incultes.,no,NO
"Comme toutes les religions, l'Islam est universel et n'a pas un pays spécifique.",no,NO
Moi je suis musulman et je t'aime ;-),no,NO
L'autorité parentale en France existe.,no,NO
"""l'islamophobie"" c'est les musulmans qui veulent empêcher le blasphème.",yes,NO
"Si vous avez des exemples auprès de votre entourage pour laquelle la personne a été obligée, conseillez à cette personne qu'elle peut porter plainte.",no,NO
La vie des citoyennes musulmanes ne doit pas être prise en otage sous pretexte de faire émerger un concept idéologique.,no,NO
Les musulmans ne sont pas antisémites.,no,NO
"Elles ont été confinées par le gouvernement, bravo la liberté de la femme.",no,NO
"Euh, comment vous expliquer? Dans votre injonction il y a un mélange entre le concept de nationalité et le concept de religion. L'islam est ma religion et la France est mon Pays. #dealwithit.",no,NO
Les choix personnels des autres ne doivent pas devenir votre problème personnel.,no,NO
Les terroristes ont tous fait de la prison.,no,NO
Personne n'est capable de sonder le coeur d'autrui. Je suppose que personne ne vous accuse d'etre un agent secret americain à cause de la casquette nike que vous portez?,no,NO
En France oui a cause du racisme.,no,NO
Les femmes sont libres de porter ce qu'elles veulent.,no,NO
Ils ont perdus la tete.,no,NO
Quitter la france serait une defaite.,no,NO
"L'histoire prouve que cela est faux: les musulmans ont conclu des pactes garantissant la coexistence pacifique (Constitution de Médine, etc.)",no,NO
"Y en a par dessus la tête des excuses qui vous permettent d'écraser ceux qui ne pensent pas comme vous, on est dans un pays de liberté, pourquoi priver les femmes musulmanes de leur liberté? C'est tout simplement du racisme.",no,NO
Merci de garder vos propos racistes pour vous.,no,NO
Nous éduquons nos enfants pour qu'ils jeunent progressivement mais jamais forcer.,no,NO
"Vos propos sont une incitation à la haine , ceci est puni par la loi.",no,NO
Vous arrivez a vous sentir agressé par un bout de tissu? C est mon voile et il est sur ma tête vous êtes libre de passer votre chemin.,no,NO
Que penses tu de la kippa ou du turban sik ou le boubou africain.,no,NO
"Il y a une raison religieuse derrière cela. En outre, les médecins empêchent les personnes qui vont subir une intervention chirurgicale de manger aussi.",no,NO
"Pendant la période Nazie, les musulmans ont volontairement protégés les juifs.",no,NO
Toutes les femmes que je connais portant le voile font leur vie sans rien demander à personne.,no,NO
"Il n'y a pas de problème musulman en France, il y a de plus en plus un problème avec la visibilité des musulmans.",no,NO
Notre pays nous permet de vivre notre religion.,no,NO
Ah oui? Pardonnez moi mais en quoi il vous a agressé? Je vais de ce pas le remettre à la police et je me porte TELINDUS avec vous contre lui!,no,NO
La liberté de manifester sa religion est une liberté fondamentale garantie par la loi et ne doit pas donner lieu à une discrimination.,no,NO
Les chrétiens sont tous des terroristes intégristes à la solde de l'ira.,no,NO
Tes propos sont une agression pour moi.,no,NO
"Le voile n'est pas un signe de soumission à l'homme, c'est un libre choix.",no,NO
Et le voile catholique?,no,NO
Vous n'avez aucune preuve de ce que vous affirmez.,no,NO
C'est une religion qui sait s'adapter à son temps.,no,NO
Les préjugés menent à la haine.,no,NO
Agression verbale.,no,NO
Que veut dire islam politique deja.,no,NO
C'est faux je ne vous déteste pas.,no,NO
L'âge de l'or de l islam a existé.,no,NO
Et tu penses qu'en les obligeant à la retirer tu leurs donnent plus de libertés?,no,NO
Démonstration politique pour ceux qui se sentent agressés par ce bout de tissu sur la tête.,no,NO
Ou avez vous lu cela?,no,NO
Non je peu pas car je suis un bounti arabe a l'extérieur et française a l'interieur.,no,NO
Qu'est ce que c est?,no,NO
Une minorité déviante ne représente pas l'ensemble des croyants musulmans.,no,NO
Un musulman n'a pas de pays attitré! Un français de souche ayant une autre religion peut s'il le souhaite se convertir à l'Islam : dans ce cas il ira ou ?,no,NO
N'importe quoi.,no,NO
"Cela sous entend un réseau organisé avec une organisation politique voire commerciale or l'islam est une religion, personne ne peur être forcé d'y adhérer.",no,NO
"Aimer son prochain est une des devises de l'islam, surtout les etrangers.",no,NO
"L'islam prône le respect de la création de Dieu, c'est à dire toute l'humanité.",no,NO
Vous devriez chercher plus sur la religion musulmane.,no,NO
Fixez vous d'autres obsessions.,no,NO
Oui car nos lunettes (médias) son salle.,no,NO
C'est un choix pour garder son intimité sa pudeur.,no,NO
Le vrai problème est que vous passiez votre temps à nous hahir.,no,NO
Islamophobie deconplexee.,no,NO
Le terme islamisme a été inventé lors de la colonisation pour designer ceux qui étaient contre les colons et leur politique dinhibation de l'islam notamment au maghreb.,no,NO
"Oui. Fondamentalistes,islamistes,salafistes. Avec la vrais définitions de ses mots Terroristes et musulmans son des contraires lisé le coran, vous comprendrez.",no,NO
"Les musulmans ont régné sur les terres arabes pendant les 14 derniers siècles. Pourtant aujourd'hui, les statistiques nous informent que 14 millions d'Arabes sont des chrétiens coptes (depuis plusieurs générations), témoins que l'Islam n'a pas été répondu par l'épée. Les musulmans ont régné sur l'Inde pendant environ un millénaire. Aujourd'hui, plus de 80 % des Indiens sont non musulmans, témoin que l'Islam n'a pas été imposé par l'épée. Les régions les plus peuplées en musulmans sont la côte est de l'Afrique, l'Indonésie et la Malaisie, alors qu'aucune force armée musulmane n'est allé dans ces régions, qui ont été conquises seulement par l'épée intellectuelle.",no,NO
Il va falloir ouvrir un coran avant de parler au nom de l islam et surtout revoir vos cours d histoire.,no,NO
"A définir concrètement ou ils pourraient rentrer, et pour suivre la thèse comment faire avec ceux qui n'ont pas de liens familiaux avec les pays dits d'origine, et avec les reconvertis.",no,NO
L'inculte qui a écrit ce msg émet des raccourcis vide de sens en recuisant la femme a un objet qu'elle absurdité!,no,NO
Ignorance totale de notre religion.,no,NO
"Vue le nombre de musulman dans le monde le monde j,espère que non.",no,NO
Je ne connais pas la définition d'islam politique et je porte le foulard.,no,NO
"Affirmation tres recherchée, tu peux mieux faire.",no,NO
"Alors, quel est votre point? L'Islam est une religion politique, le voile ne le rend pas violent ou haineux.",no,NO
"Les musulmans sont embauché par des employeur, comment peuvent ils le volé ?",no,NO
Pourquoi quand il s'agit d'un voile musulman cela choqué alors que ce voile existe chez les autres religions?,no,NO
La croix un christianisme politique.,no,NO
Faux on essaie de leurs barré la route au travail parceque on a choisie de lettre une loi interdisant le sous disant les signes ostentatoires.,no,NO
"Les Musulman(e)s sont soumis a une religion, comme une personne peut l'être dans sa vie de tout les jours a ça démocratie ou autre.",no,NO
Les Chrétiens sont présent partout dans le monde et personne ne se pose de questions.,no,NO
"Par manque de solution, les politiciens se focalisent sur les musulmans.",no,NO
Apportez vos preuves.,no,NO
"Votre façon de voire les choses est le seul et unique modèle à suivre, vous ne pouvez vivre en société libre et démocratique.",no,NO
Si c'est être intolérant alors oui.,no,NO
"Vous ne sauriez même pas définir clairement, sans réfléchir, un seul de ces termes.",no,NO
La laïcité est une religion le saviez-vous Alors renseignez-vous avant de dire des âneries.,no,NO
Islam politique? Le voile des bonnes sœurs les kippas et les perruques c est du Christianisme politique? Ou du judaïsme politique? Bizarrement on se pose pas la question.,no,NO
L'islam est une religion et les citoyens musulmans avant tout des citoyens français.,no,NO
Vous êtes pessimISTE.,no,NO
Le port du voile est un choix pour la majorité des femmes.,no,NO
"En fait, il est obligatoire pour prier, car devant Dieu, il faut être couvert.",no,NO
Une femme voilée reflète la pudeur et cela lui donne de la valeur.,no,NO
Quel parti?,no,NO
D'autres personnes peuvent aussi se sentir agressées par vos paroles.,no,NO
Les musulmans empêchent les gens de manger pendant le ramadan.,yes,NO
Ça représente rien.,no,NO
Le voile islamique est l'expression de la pudeur.,no,NO
Je ne vous ai pas forcé en quoi que ce soi et encore moins à m adresser la parole passez votre chemin au lieu d agresser les gens.,no,NO
"Le terrorisme a toujours existé et il est l'oeuvre des terroristes, le relier aux musulmans démontre la volonté de stigmatiser cette communauté et la rendre responsable de tout les maux.",no,NO
Je suis née en france donc j'y suis déjà.,no,NO
Ok si tu le dis.,no,NO
L'islam compte certes beaucoup de fidèle mais là vous exagéré quelque peu.,no,NO
Les musulmans ne sont pas faibles d'esprit.,no,NO
Vous avez peur de ce que vous ne connaissez pas.,no,NO
L'islam veut dire Paix.,no,NO
L'ignorance mène à la haine.,no,NO
Pourquoi serais je ici alors?,no,NO
"Beaucoup ont du mal a trouver du travail, justement a cause de leurs voiles.",no,NO
"Faux, essayer de côtoyer des musulmans et vous verrez.",no,NO
Les cathédrales aussi pourtant elles fascinent.,no,NO
Le voile n'est que la démonstration d'une personne désirant plaire à Dieu.,no,NO
Islam est par définition la valeur universelle.,no,NO
"Je me permet de vous renvoyez à l'histoire de Philippe Grenier, député du Doubs au 19ème siècle.",no,NO
Vous n'acc Pas la différence.,no,NO
"Ne pensez vous pas que, peut etre, il est possible qu'elle porte le voile parce qu'elle le souhaite?",no,NO
"Qui dites terrorisme dit ""qui sème la terreur"". Les millions de musulmans en France ont ils mis à feu et à ce sang notre pays?",no,NO
L islam politique en France est pour moi une pure invention. Les musulmans n ont jamais clamé leur singualarité et sont partie intégrantes du paysage Francais.,no,NO
Ce n'est pas une déclaration factuelle.,no,NO
Je suis née en France à ton avis ds quel pays dois je aller?,no,NO
"Vous voulez dire, cette République fondée autour d'une déclaration qui garantit la liberté de culte à tout le monde ?",no,NO
"Le voile n'est pas la démonstration de quoi que ce soit, une foi ne peut se démontrer, elle se ressent.",no,NO
"C'est faux. En revanche, peut-on blâmer une personne de détester quelqu'un qui fait preuve de haine à son égard, sans autre cause que son appartenance à une religion?",no,NO
Donc vous partez du postulat qu'ils viennent tous d'un seul pays.,no,NO
"Origine ethnique et appartenance religieuse ne sont pas superposables, un même pays pouvant compter des personnes d'obédiences différentes. C'est aussi ce qui fait la richesse de notre douce France.",no,NO
Que veut dire islamisation?,no,NO
Votre commentaire en revanche est agressif car il place votre bien être au-delà de ma liberté sans aucune justification.,no,NO
"L'histoire montre que c'est l'état qui a ramené beaucoup de travailleurs étranger et de toutes confessions, il faut savoir accepter son héritage.",no,NO
Allah impose à chacun d'aimer son prochain.,no,NO
L'islam n'a qpprends le respect et interdit la violence.,no,NO
#islamophobie. C'est le climat d'intolérance qui pousse les femmes voilées à se réfugier à la maison.,no,NO
Le voile rend sa dignité à la femme.,no,NO
Ce choix m'appartient.,no,NO
"Je suis française, j'aime ma France Liberté Égalité Fraternité, malheureusement il n'y a plus beaucoup de français depuis bien longtemps, ils ont amputé ses valeurs si precieuses.",no,NO
"L'islam existe depuis plus de 1400 ans, et je n'entends cette affirmation que depuis quelques annees, je ne sais pas où j'avais la tete tout ce temps.",no,NO
Ces gens n'ont rien compris au message de l'Islam.,no,NO
Mais notre pays est ici.,no,NO
Étayer votre affirmation.,no,NO
Beaucoup de femmes au foyer non pas le choix.,no,NO
Le mieux est de leur poser la question.,no,NO
10% de la population cest loin detre le grand remplacement.,no,NO
"L islam est une religion, pas une nationalité. On peut etre francais musulman tout comme francais juif ou chretien ou autre.",no,NO
"La soumission ne se détecte pas avec un habit, ce serait si simple de trouver les tortionnaires.",no,NO
L'islam est une religion basée sur la paix.,no,NO
L'incitation à la haine est punie par la loi.,no,NO
"Cela fait 60 ans que vous tenez le même discours,être rien ne a été envahi.",no,NO
Commence par comprendre pourquoi et vous serez plus intelligent.,no,NO
En quoi le voile est lié à cela?,no,NO
Peut être dans d'autres pays mais pas en France.,no,NO
Avez vous des preuves de ce que vous avancez. Qui est donc le leader de cet islam politique?,no,NO
C'est 99% du temps un choix personnel.,no,NO
"L'islam n'est pas une religion barbare. Les musulmans ont régné sur les terres arabes pendant les 14 derniers siècles. Pourtant aujourd'hui, les statistiques nous informent que 14 millions d'Arabes sont des chrétiens coptes (depuis plusieurs générations), témoins que l'Islam n'a pas été répondu par l'épée. Les musulmans ont régné sur l'Inde pendant environ un millénaire. Aujourd'hui, plus de 80 % des Indiens sont non musulmans, témoin que l'Islam n'a pas été imposé par l'épée. Les régions les plus peuplées en musulmans sont la côte est de l'Afrique, l'Indonésie et la Malaisie, alors qu'aucune force armée musulmane n'est allé dans ces régions, qui ont été conquises seulement par l'épée intellectuelle.",no,NO
Les femmes soumisent sont plutôt celles qui se soumettent aux réseaux de prostitutions et qui sont des objets sexuels.,no,NO
"Un terroriste ne peut pas être musulman puisque seul Allah décide seul du terme de toute vie et qu'il condamne tout ""associé"" autoproclamé à l'enfer.",no,NO
"C'est quoi ton numéro, tu as des visions futuristes.",no,NO
Vous parlez sans savoir.,no,NO
Qui est le plus chez soit vous qui rejeter l'autre par peur ou les musulman qui accueil Le seul pays des raciste est leur personne et seulement elle!,no,NO
Mon pays c est le tien.aussi.,no,NO
L'islam condamne la violence.,no,NO
Donc tout les prêtres sont pédophiles et tout les allemands des nazis.,no,NO
"La constitution et les lois garantissent la liberté de manifester sa religion, et par conséquent le port du voile.",no,NO
Non. Pas du tout. La religion doit être decorrélées de la politique.,no,NO
"Si 1 personne sur 7 dans le monde était terroriste, cela fait bien longtemps qu'il n'y aurait plus personne dans ce monde.",no,NO
"Faite un tour à la mosquée, parlez aux fidèles et vous verrez que vous vous faites une mauvaise idees des musulmans.",no,NO
"L'islam n'envahi pas, le prosélytisme est interdit celui qui choisit l'islam c'est par pour conviction.",no,NO
Pense vous que le repli communautaire est la solution à la paix et le vivre ensemble?,no,NO
Faux l'islam est une religion qui acceptent tt les religions et les respectent.,no,NO
"Lorsque vous buvez de l'alcool, cela retourne à votre cerveau.",no,NO
"Islam est compatible sur toute la Terre sauf avec des régimes dictatoriaux, autoritaires injustes, champions de la décadence.ce qui nest pas le cas de la république que je sache.",no,NO
Arrêtez de regarder bfm.,no,NO
L'islamophobie est un délit.,no,NO
"C'est faux. Pour preuve, des femmes d'autres confessions peuvent porter un voile, chez les chretiennes ou les juives par exemple.",no,NO
C'est comme dire tout les prêtres sont pédophiles.,no,NO
L'obligation est d'ordre religieuse mais la femme peut choisir de ne pas le porter: c'est son choix et seul Dieu la jugera.,no,NO
La liberté sa vous parle Peut être pas pour vous.,no,NO
"Les musulmans n'impose pas la sharia, ils applique les lois Européens dans leurs pratique.",no,NO
Change de lunettes.,no,NO
"Elle sont en permanences stigmatisés, voilà pourquoi elles préfèrent rester discretes.",no,NO
C'est ignorer l'apport positif des millions de musulmans.,no,NO
Faux. On ne peut stéréotyper tous le monde dans une même catégorie.,no,NO
La laïcité par définition garantit le droit de pratiquer peu importe la religion.,no,NO
Le voile est une protection pour la femme.,no,NO
"Si c'était vrai, vous ne les rencontreriez pas dans la rue et sur les lieux de travail!",no,NO
Je suis musulman c'est ma religion. Je suis français c'est mon pays 2 choses différentes.,no,NO
"Ahh oui c'est vrai ,les médias essaye tans en que mal à nous exclure de tous les espaces. On est trop visible! Il nous reste la rue et les réseaux sociaux.",no,NO
Dans chaque religion il y a de bon et des mauvais.,no,NO
Une femme voilée est libre du regard malsaint d'un homme.,no,NO
Quand est ce que nous combattrons tes propos ?,no,NO
Les musulmans participent au développement du pays.,no,NO
"Si vous savez ce qui se passe dans la tete d'une femme, c'est peut etre qu'inconsciamment vous vous prenez trop pour mel gibson dans le film ""ce que veulent les femmes"".",no,NO
Les musulman sont des être humains qui croient en dieu.,no,NO
Vous interrogez vous sur le port de la mini-jupe ou du pantalon pour savoir si les femmes qui les portent sont contraintes?,no,NO
Ah bon? C est contraire aux principes des musulmans de profiter d un échec!,no,NO
Le voile est un choix pour la femme et un vêtement de piété qui témoigne de sa dévotion au Seigneur.,no,NO
Les pays occidentaux viennent souvent eux même attiser les haines dans ces pays.,no,NO
"Je vous invite à débrancher votre tv et à vous rendre à une mosquée pour rencontrer,échanger et apprendre.",no,NO
"Regarder autour de vous, et si vous êtes honnête vous verrez que c'est faux.",no,NO
Lequel?,no,NO
"Le vêtement de la femme musulmane doit être ample, tout comme cela de l'homme c'est un signe de pudeur!",no,NO
La pudeur est un signe de vertu chez nous.,no,NO
"Et les chrétiens sont tous des racistes esclavagistes (mais dotés d'une profonde qualité humaine)? Les juifs tous des banquiers malhonnêtes commençant toutes leurs phrases par ""sur ma vie, la vérité""? Les chinois tous des ouvriers sous-payés commençant toutes leur phrases par ""honorable étranger""? Les indiens tous des standardistes se prosternant devant des vaches? Vous vivez dans un monde qui n'existe pas, réveillez-vous.",no,NO
"Il n'y a pas de problème musulman, il n'y a que de problèmes humains, l'islam est une religion de positivité.",no,NO
La vocation de l'islam n'est pas d'obliger qui ce soit à faire quoi ce que ce soit.,no,NO
"C'est évident si elles sont comme vous dites ""soumises"".",no,NO
"Je suis née en France, de parents Français, de grand-parents Français, d'arrière grands-parents Français. Je retourne où? En Gaulle?",no,NO
C'est vous qui bafouez mon droit.,no,NO
"Non, ils'agit d'un choix personnel.",no,NO
Comme l'homme les femmes voilées ne sont soumises qu'à dieu.,no,NO
Voilà le résultat de trop écouter les médias.,no,NO
La musulmanie n'existe pas.,no,NO
La vérité n'a jamais fait peur à l'homme honnête! Mes vous l'êtes peut être pas au fond Ces ce qui expliquerai cette acharnement.,no,NO
C'est vous qui les enfermés en les stigmatisant autant.,no,NO
"Dans ce cas comment expliquez vous qu'il y ait des femmes voilees entrepreuneuses? Vous en connaissez beaucoup des entrepreneurs soumis? Un entrepreneur, par definition, il entreprend.",no,NO
Franchement on a pas à se justifier devant des haineux qui ne veulent pas échanger avec nous.,no,NO
Il n'existe pas de Musulmanie où émigrer.,no,NO
Respect mutuel.,no,NO
Je suis musulmans et français et fière de l êtres.,no,NO
Chaque musulmans a sa place en france tant que celui ci respect le pays ds lequel il vit!,no,NO
Affirmation qui vise à reléguer une catégorie de citoyens de la sphère publique.,no,NO
Deja quelle est la définition de ces mots.,no,NO
1.8 milliards de musulmans dans le monde. Donc 1.8 milliards de terroristes.,no,NO
Les femmes en mini jupe sont soumises et obligée de porter des mini jupe.,no,NO
#islamophobie. La liberté de porter le voile est une liberté fondamentale des droits humains. Il ne va pas à l'encontre de votre liberté.,no,NO
Savez vous au moins ce que cela veux dire.,no,NO
C'est une tentative de manipulation de l'opinion publique.,no,NO
L'islam invite la femme à s'instruire et à étudier contrairement à ce commentaire qui transpire la haine et le rejet d'autrui.,no,NO
La peur de l'inconnu.,no,NO
"Les musulmans qui sont originaire du pays ou il ce trouve, dans quel pays doit il ce rendre?",no,NO
"La République nous apprends la liberté, l'égalité, la fraternité.Aucune religion n'entre en opposition avec ces valeurs.",no,NO
La majorité des musulmans sont des citoyens modèle. Certains peuvent être très orthodoxes comme dans toues les religions.,no,NO
"Et pourquoi donc, je suis très bien là où je suis.",no,NO
C'est l'ignorance qui parle.,no,NO
C'est justement parce qu'elles veulent participer à la vie publique que vous en faites un problème.,no,NO
Vous regardez trop bfmtv.,no,NO
Ahhh bon! Ahhh c'est pour sa que de plus en plus de français s'expatrie! Au soleil! Euh dans les pays musulmans ou il fait bon vivre!,no,NO
Ne disait-on pas la même chose des Juifs il y a moins d'un siècle?,no,NO
Ça ne vous a pas encore atteint on dirait.,no,NO
Bien au contraire on est bien plus libres que vous ne le pensez.,no,NO
Et vice versa.,no,NO
"Si la plupart des femme et enfermées c'est à cause de vous pas de leurs marie ,vous les stigmatisées à chaque fois qu il feulent faire quelque chose vous les bloquer avec vous commentaires raciste.",no,NO
"Plusieurs fois dans l'histoire, les musulmans ont accueilli des juifs persécutés par les chrétiens en Europe.",no,NO
Pouvez vous me définir lis la politique?,no,NO
L'islam est une religion intemporelle et universelle.,no,NO
"Généralisation scandaleuse faisant complètement oublier le fait que beaucoup, et même la plupart, le portent par choix, et l'enlèveront donc quand ELLES le souhaiteront.",no,NO
"Je n'ai pas à apprendre à celui qui ne veut pas savoir les valeurs universellement connues de l'islam,.",no,NO
Les musulmanes sont stigmatisé.,no,NO
Lisez par vous même le CORAN et vous comprendrez.,no,NO
"Certaine maman voilées reste au foyer oui pour s'occuper de leir enfants leur donner une bonne éducation, des bonnes valeurs.",no,NO
"De nombreuses femmes souffrent en silence de ne pouvoir se vêtir comme elles le souhaitent en France le pays de la liberté! Elles préfèrent préserver leur conscience tranquille et renoncer à des activités de loisir et de sport qu'elles adorent, il est où le politique?",no,NO
"Procédons simplement si c'était vrai,vous n'en verriez pas et cela ne serait pas un sujet.",no,NO
Ca y est ils y sont! Les musulmans français sont en France.,no,NO
L'islam déteste les femmes.,yes,NO
L'islam est une religion qui s'adapte au pays.,no,NO
Quelle est cette soi disant politique?,no,NO
Ce type de propos devrait etres condamner!,no,NO
"Leur religion interdise le vole, comment peuvent ils voler votre travail.",no,NO
Ce sont clichés dépassés.,no,NO
Son équivalence dans la religion chrétienne?,no,NO
Gandhi s'est pas fait assassiner par un musulman.,no,NO
"A force d'en parler, cela nous nuit.",no,NO
Ce qui vous agresse ce n'est pas le voile mais le choix de le porter ou pas.,no,NO
Vous devriez essayer de visiter une mosquée et discuter avec un imam. Vous seriez très surpris de niveau de tolérance dont sais faire preuve le musulman.,no,NO
Et ceux qui affirment ça sont tous dès racistes.,no,NO
Pauvres de vous! Je vous plains!,no,NO
Récupération politique.,no,NO
Non. C'est un choix personnel. Chaque femme est et doit être libre de porter ou non le voile.,no,NO
"L'islam existe depuis 1440 ans mais les actes terroristes sont récents et ne sont que rarement imputables à des musulmans (nationalistes, mafieux, etc.)",no,NO
Quelle parti? Comment adhérer?,no,NO
L'islam est une religion du juste milieu.,no,NO
Tout dépend comment on le pratique mais il n'est pas incompatible si il y'a le respect de chcun pour l'autre.,no,NO
"La France est un pays laïc, oui. Au nom de cette laïcité, l'Etat français s'astreint à la neutralité quant aux libertés religieuses, qui d'ailleurs sont inscrites dans les libertés fondamentales. C'est la laïcité qui garantit et protège les convictions religieuses quelles qu'elles soient en France.",no,NO
Faux car le voile n'est pas que islamique Toutes les religions en parlent.,no,NO
Trouvez alors des preuves concrètes que les femmes musulmanes sont enfermés.,no,NO
La haine et la xénophobie doivent être combattu rien d'autre.,no,NO
"Si une minorité de ""musulmans"" vous permet de dire que TOUS les musulmans sont des terroristes alors si vous avez un neurone défectueux dans votre cerveaux, on en déduis donc d'après votre logique que vous êtes complètement cinglés!",no,NO
"Ce type de commentaire est une généralisation excessive, comme beaucoup l'ont été dans l'histoire.",no,NO
C'est faux. Et les textes le prouvent.,no,NO
Et puis elles font ce qu'elles veulent.,no,NO
"La pratique de l islam n empeche pas le vivre ensemble et la conviction de chacun, c est ça être laïque.",no,NO
Avez vous des statistiques?,no,NO
Je pointe une essentialisation et du sexisme né colonialiste.,no,NO
Quelle genre de problème?,no,NO
"Si elles restent à La maisons pour certaine, c'est un choix de vie.",no,NO
Religion moyenageuse comme les autres religions.,no,NO
Y'a pu qu'à attendre un prochain hitler et nous deviendrons peut être nous aussi des victimes ?.,no,NO
Ce genre de tweet est une fraude pour l'humanité.,no,NO
La sagesse n'a pas d'âge.,no,NO
"L'islam prône également la liberté, l'égalité et la fraternité. Cela est visible dans de nombreux versets et des paroles prophètiques.",no,NO
Autorisez les à travaillez avec le voile alors.,no,NO
La liberté fait peur Celle qui porte le voile en sont la preuve.,no,NO
"Bravo, quelle lumière!",no,NO
"Nous sommes censé être dans un pays libre, chacun à le droit de vêtir comme bon lui semble.",no,NO
Les musulmans ne volent pas votre travail.,no,NO
Le voile est un choix personnel en réponse à une croyance religieuse. Se demande-t-on si les bonnes soeurs se couvrent à des fins politiques?,no,NO
Ce sont vos discours qui enferme la liberté de la femme avec ou sans voile.,no,NO
"Je vous rappelle que votre tweet constitue une incitation à la discrimination qui est condamné par la loi, merci de faire le nécessaire ou nous serons contraint d'utiliser tous moyens juridiques à votre encontre.",no,NO
Francaise d'origine portugaise converti à l'islam.,no,NO
Ta réflexion est une agression contre le principe de laïcité.,no,NO
Média : véhiculer la peur des musulmans.,no,NO
"Qui est nous? Qu'est-ce que ""nous"" voit exactement?",no,NO
Je suis dans mon pays.,no,NO
"C'est sûr qu'à cette allure, elles seront complètement rejetées, pas de sortie scolaires, pas de piscine, pas de sport et pas de boulot. La faute a qui?",no,NO
"Malheureusement, la Musulmanie n'existe pas. Les religions/ croyances/ philosophies/ systèmes de pensée transcendent les frontières géographiques et n'admettent pas de limites, sauf celles que l'homme se fixe lui-même. Jésus est bien né à Nazareth. Est-ce pour autant que Chrétiens et Juifs devraient s'y installer.? Un peu de sérieux.",no,NO
Nous avons nos propres boucheries.,no,NO
Arrêtez d'écouter les médias et faites vous votre propre vérité.,no,NO
L'islam respect la république y'a t que celle ci n'entrave pas la liberté de pratiquer sa religion!,no,NO
Qu'en est-il des autres styles vestimentaires qui ne sont pas courants dans certaines cultures?,no,NO
Votre discours est insidieux et révoltant.,no,NO
"Quand même cela serait-il, exprimer son adhésion à une idéologie, une religion, une philosophie dans l'espace public est protégé par l'article 9 de la CEDH.",no,NO
"Dis moi ce qui te tagresse dans mon bout de tissus, t'es tu pose la question quand tu vois une none ou la statue de la vierge Marie?",no,NO
Avez vous discuté avec les femmes voilées pour tenir de tels propos.,no,NO
Ils cherchent plutôt à leur faire comprendre ou accepter leur religion.,no,NO
Beaucoup de istes pour mieux appuyer ces assertions douteuses. Le suffixe iste a bien été choisi.,no,NO
#islamophobie. L'islam n'est pas une maladie. Elle n'est pas contagieuse.,no,NO
C'est pour leur but religieux.,no,NO
"Il y a plus d'un milliard de musulmans dans le monde donc si c était le cas, on aurait rencontrer plus d'actes terroristes.",no,NO
C'est un cliché islamophobe.,no,NO
"Libre à vous de manger devant moi, cela ne me dérange pas.",no,NO
"Ce discours cible les immigrants d'une manière générale , mais pour être accepté avec le climat de haaaine contre les musulmans , il a changé le nom de la cible. Or parmi les immigrants orientaux à titre d'exemple, il y les chrétiens et les musulmans.",no,NO
Hors sujet.,no,NO
"J en suis navrée, mais il te faut faire un travail sur soi.",no,NO
N'écoutez pas les imbéciles.,no,NO
Pourriez vous m'éclairer sur les définitions suivantes: fondamentaliste/islamiste et salafiste.,no,NO
Rien à voir.,no,NO
"Encore un prétexte pour éviter d'adresser les vrais problèmes de la société, dont le voile ne fait absolument pas partie. Avec un tel aveuglement, ce n'est pas plutôt vous qui devriez enlever votre voile?",no,NO
Citation d'un homme lors de la prise de la Mecque se ne son pas les murs qu'il prend d'assaut ce son les cœurs.,no,NO
Assez étonnant cette prétention à savoir ce que pensent les femmes musulmanes.,no,NO
"Vous faites des amalgames et utiliser des mots qui n'ont pas de sens,je peux vous convier à en discuter pour avoir des définition précise.",no,NO
"Alors que quand des Européens envahissent militairement des continents entiers, c'est un gentil partage de culture, une mission civilisatrice.",no,NO
C est mieux qu'un monastère!,no,NO
Insulte et diffamation.,no,NO
"Toutes les nounous et femmes de ménage analphabètes font elle de la politique? Non bien sûr mais celle ci ne nous dérange pas , elles servent!",no,NO
On y est déjà mdr.,no,NO
Larousse ou robert?,no,NO
"Vous connaissez donc toutes les femmes voilées et le contexte dans lequel elles ont commencé à le mettre? Je suis chercheur, je suis preneur.",no,NO
Induire La peur et rien que la peur!,no,NO
Toujours les mêmes propos contre l'étranger.,no,NO
"Et où iraient les musulmans français? Nombreux sont les habitants de la Réunion, de Mayotte, les descendants des habitants des colonies (maghreb, Afrique noire.) qui sont musulmans et Français depuis des générations.",no,NO
L'islam est une religion de paix et de tolérance.,no,NO
Nous sommes soumises à notre Créateur comme nos soeurs voilées chretiennes.,no,NO
"Les femmes musulmanes se renferment avec leur voile, c'est normal qu'on les discrimine.",yes,NO
L'islam prône la liberté religieuse conformément au verset « Nul contrainte en matière de religion ».,no,NO
Je vous envoi mon cv et vous me dites ce que vous en pensez? Attention c est un peu long!,no,NO
1.5 milliards de terroristes.,no,NO
"Non, clairement.",no,NO
"Dans toute communauté humaine, il y a toujours des extrémistes, mais ce n'est pas l'apanage de l'Islam, et c'est contraire à son message.",no,NO
Sortez de votre caverne et surtout éteignez votre télé!,no,NO
Le jour ou on laissera les musulmans parler d'eux même et se défendre eux même on les connaitra réellement et on s'assurera qu'il n'y pas de problème musulman.,no,NO
Oubliez nous un peu merci.,no,NO
La jalousie envers une belle religion.,no,NO
Qui dit problème dit solution.,no,NO
Faux! Renseigner vous sur l'islam.,no,NO
Tu n'as pas à valider ma tenue comme je n'ai pas à valider la tienne.,no,NO
Ce sont là des attaques gratuites et injustifiées qui visent à stigmatiser une communauté.,no,NO
Votre réflexion prouve que s'instruire est vitale.,no,NO
Le manque de connaissance devient dangereux dans votre esprit.,no,NO
"La république est aveugle, il ne lui convient pas de rendre compatible une religion.",no,NO
C'est quoi le pays du musulman? La musulmanie??.,no,NO
"Retourner où? En France, j' y suis déjà.",no,NO
Je suis surement plus légitime dans mon statut de citoyen Français que vous ne l'êtes avec vos propos haineux.,no,NO
"De même, votre attitude négative peut être considérée comme violente par les autres.",no,NO
Oula mais vous confondez plusieurs notions il va falloir choisir laquelle les qualifie.,no,NO
Pourquoi un bout de tissu est-il agressif?,no,NO
Ce sont de non musulmans qui ont ouvert la pratique du terrorisme.,no,NO
Le voile est un ordre Divin.,no,NO
Non Monsieur/ Madame Les musulmans sont aussi différents que les autres citoyens.,no,NO
Il manque esclavagiste arriviste opportuniste.,no,NO
"Non, elles le portent en leur âme et conscience.",no,NO
"L'islam se répandra par amour par rédemption mais pas par la terreur. Les personnes choisiront le chemin de la vérité, de la bienveillance, de la bienfaisance.",no,NO
Cela est votre vision des choses Je suis musulman et j'ai aucun problème avec ma religion.,no,NO
Vous parlez sans en connaître.,no,NO
Les femmes musulmanes sont des citoyennes comme toutes le autres et en aucun cas celles-ci doivent!,no,NO
Vous sous trompez je connais beaucoup de femme voilées qui travaillent.,no,NO
Propos de racistes!,no,NO
Pacifiste mais pas attentiste.,no,NO
"Encore une idée des années 50 que l'immigration vit sur le dos de la France or les femmes voilées sont représentées dans tous les corps de métier (avocates, médecins, comptables.)",no,NO
Vous avez des stats?,no,NO
"Mdr ont est la parce que la France a coloniser nos pays et à pris toute les richesses , et après il à mis des collaborateur pour l'éternité.",no,NO
Nous voyons de plus en plus un problème musulman.,yes,NO
Mon voile est un choix personnel.,no,NO
Misérable commentaire!,no,NO
Il me vas si bien!,no,NO
Il faudrait revoir votre histoire.,no,NO
"L'islam instaure le droit de l'homme à l'équité, à la justice, même s'il s'agit d'un ennemi ou d'un non croyant conformément à ce verset : « et si vous jugez entre les gens, jugez avec équité, même si c'est pendant la guerre. Et que la haine que vous avez vis-à-vis d'un peuple, ne vous pousse pas à être injuste ».",no,NO
Comment définissez vous les valeurs françaises.,no,NO
"L'islam n'appartient à aucune région en tant que tel, c'est une religion comme tous les autres.",no,NO
Tous les hommes sont pareils dans leur humanité! Soyez un peu sérieux.,no,NO
Un vêtement porté par autrui peut vous gêner car vous n'y êtes pas habitué mais pas vous agresser. Cela n'a pas de sens.,no,NO
Edouard aux mains d'argent était sympa malgré son apparence.,no,NO
S'ils étaient tous terroristes il y aurait actuellement des millions de terroristes sur la terre! Enfermons les tous!,no,NO
"Si vous pensez qu'en harcelant la femme elle faiblira et fera marche arrière, c'est que vous n'avez rien compris au respect de la liberté de conscience.",no,NO
Je suis chez moi.,no,NO
La stigmatisation d'une religion n'a jamais fait un problème pour elle mes plutôt un problème pour vous.,no,NO
C'est faux la religion musulmane et la plus fraternelle des religion pour tous le Monde.,no,NO
Vous êtes devin? Et sinon le psg gagne le prochain match?,no,NO
Être contre la pudeur n'est pas l'avis de tous et heureusement.,no,NO
Met en exergue l'ignorance des gens.,no,NO
Les hommes musulmans ne sont pas violent.,no,NO
Les femmes qui se dénudent sont soumis à la dictate de la société.,no,NO
De quelles valeurs parlez vous donc parce que les valeurs de l'islam sont entièrement compatible avec les valeurs de la république.,no,NO
Propos simplistes.,no,NO
"Porter un voile, et donc, exprimer son opinion religieuse est une des libertés fondamentales de l'individu. Chacun de nous exprime son individualité. Le port du voile, de la même manière, est l'expression d'une individualité.",no,NO
C'est la liberté de culte.,no,NO
"Faux : les musulmans profitent de tous les systèmes, c est fait pour ça un système.",no,NO
Si c'est le résultat de la compréhension de l'islam tel que transmis par les premiers musulmans alors vous ne pourrait que vous en réjouir.,no,NO
"Faux pour la plupart elles travaillent, si ce n est pas le cas c est un choix.",no,NO
Sans commentaire.,no,NO
Donc ce n est plus un problème pour vous!,no,NO
"Avez-vous demandé, au moins une fois, à une femme voilée, si elle a été obligé de porter le voile?",no,NO
Ta parole est une agression contre ma religion.,no,NO
Et pourquoi?,no,NO
"Si vous nous rendez tout ce que vos pays ont pillé pendant l'impérialisme colonial, ça peut se négocier. Mais si en revanche vous estimez que les musulmans ne méritent pas d'avoir le niveau de vie des Européens, alors votre vie va être malheureuse.",no,NO
Les valeurs de la République ont évolué au point de pouvoir embrasser toutes les religions.,no,NO
En Musulmanie?,no,NO
Nous sommes chez nous.,no,NO
Incitation à la Haine.,no,NO
C'est justement parce que c'est faux que cela vous pose problème!,no,NO
La liberté d'expression s'arrète lorsqu'il y a atteinte à une religion et à une partie de la population.,no,NO
Un musulman peut il porter autant de casquette? Que fait il le reste de son temps? Ce musulman doit être diplômiste en polytechnique!,no,NO
Les musulmans sont chez eux en France.,no,NO
Je ne sais pas répondre à cette question.,no,NO
Le voile est un choix religieux personnel quel rapport avec la politique?,no,NO
"Lorsque vous vous arrêterez dagresser les musulmans, il n'y aura plus de problème.",no,NO
"Quand même cela serait vrai, en quoi cela vous porte-t-il préjudice?",no,NO
"Ce discours se contredit avec la laïcité, d'autre des communautés européennes adoptent l'islam depuis plusieurs siècles, comme d'autres communautés chrétiennes ont conservé leur religion au sein des pays dits musulmans.",no,NO
Si l'islam était politique nous aurions eu des femmes voilée dans chaque gouvernement.,no,NO
Le string est une agression contre moi Les femmes à moitié nue placardées sur des affiches c'est également une agression contre moi.,no,NO
Récupération politique malsaine.,no,NO
Ce sont les médias qui font ce focus.,no,NO
Les musulmans sont tous pareils.,yes,NO
Les femmes sont très précieuses dans l'islam et elles sont portées à leurs juste valeur.,no,NO
"Vers quel pays devrais je retourner? Je suis francais. Si vous connaissez un pays nommé Islamland ou Islmistan, merci de m en informer.",no,NO
"On voudrait nous faire croire que c'est normal, bientôt nos petites filles voilées.",yes,NO
L'islam est une religion tout à fait compatible avec les valeurs de la République. Sinon la France aurait 6 millions de problèmes.,no,NO
Le terrorisme n est pas une valeur musulmane.,no,NO
Chacun est libre de ses choix.,no,NO
Ce voile devrait être un non évènement pourquoi tu lui donnes un message qu'il ne porte pas si ce n'est je crois en Dieu.,no,NO
Discours de quelqu'un qui ne s'ouvrent pas au monde.,no,NO
Les musulmans vivent en paix avc leur religion.,no,NO
Que veux dire terroriste.,no,NO
Ma mère est voilée et professeur.,no,NO
Figurez vous que je m'y trouve dans mon pays.,no,NO
Qu'est ce que ça veut dire?,no,NO
Ce sont les médias qui alimentent cette peur.,no,NO
"Avant la christianisation de la france, il y avait peut etre une religion majoritaire, et avant cela, sans doute une autre, et ainsi de suite. Apres l'islamisation, peut etre que la france deviendra bouddhiste, c'est ce qui fait tout simplement l'histoire de l'humanité.",no,NO
"Islam signifie Paix, il n'a jamais prôné la violence, mais l'amour, que la paix soit avec vous mes frères et soeurs dans l'humanité.",no,NO
Ces propos pour éviter le débat.,no,NO
Pourquoi vous acharnez vous sur sa tenue? En quoi cela vous regarde t-il? Ce n'est qu'un morceau de tissu pour vous mais bien plus pour elle; il protège sa liberté de conscience.,no,NO
Le but c'est la liberté de conscience la finalité c'est la non discrimination pour raisons de religion.,no,NO
Mon voile est ma liberté.,no,NO
Connaissez vous réellement une femme voilée?,no,NO
En quoi il t'agresse?,no,NO
Le seul but de vos parole est fondé sur de la haine sous couvert d'islamophobie.,no,NO
C'est un manque de connaissance des femmes Musulmanes.,no,NO
D ou tenez vous ces propos?,no,NO
Je connais une congresswoman américaine qui ne serait pas de votre avis.,no,NO
"Ya pas de ""s"" à démonstration!",no,NO
Le respect des autres est la base du vivre ensemble et l'islam respecte tout le monde.,no,NO
"Vous avez oublié djihadiste, pongiste, vélociste, Salakis. Au bon lait de Brebis!",no,NO
Ce sont les individus qui sont violents.,no,NO
Ah bon? Soyez crédible.,no,NO
"C'est l'argument de ceux qui ont peur de la diffèrence, peur de l'autre.",no,NO
Ton voile est une agression contre moi.,yes,NO
L'islam ne prône pas la guerre contrairement à vos fantasmes.,no,NO
Stéréotypes.,no,NO
En quoi est ce que ma liberté de me vêtir comme je l'entends est une aggression?,no,NO
L'islam est une religion moyenâgeuse.,yes,NO
"Changer de paire de lunettes, elles sont #islamophobes.",no,NO
"L Islam n est pas une politique, c est une religion.",no,NO
Les valeurs de république ne sont pas en opposition avec celles de l'islam. C'est faux.,no,NO
Pourriez vous me definir l islam et ces trois termes qu on en discute ensuite?,no,NO
L'islam est une religion de paix.,no,NO
C'est une insulte à la liberté de conscience de femmes musulmanes.,no,NO
Jusqu'à présent vous démontrez que c est l inverse.,no,NO
Pourquoi dans ce cas les musulmans condamnent ils unanimement tous les attentats ayant eu lieu sur le sol français et européen.,no,NO
"Les femmes voilées subissent beaucoup de discriminations, ce qui pourrait pousser certaines d'entre elle à s'enfermer.",no,NO
"Oui effectivement , vous êtes de plus en paranoïaque! Vous regarder trop la télé!",no,NO
"Tu VEUX DIRE "" TERROIRISTES""?",no,NO
Phrase de raciste qui regarde bfmtv en boucle.,no,NO
Si c'est le cas on est mal.,no,NO
"Ces messages ne font que réveiller tous les fous qui n'ont plus rien à perdre dans toutes les comunités , haine et peur!",no,NO
Et pourtant c'est toi qui m'agresse.,no,NO
Représentation des choses faite par medias.,no,NO
"Analyse du ""nous""? Qui en fait?",no,NO
Et cela viens d'où à votre avis.,no,NO
Les musulmans sont là depuis plus longtemps que certains.,no,NO
Les terroristes n'ont rien de musulmans.,no,NO
L islam est une religion elle ne peut envahir personne. Chacun est libre d y adhérer où non.L islamisation est un terme inventé qui n a aucun sens. La seule raison qui vous pousse à avoir de tels propos c est la méconnaissance.,no,NO
Voilée apolitique.,no,NO
Libre a qui veux de s'habiller comme elle le souhaite.,no,NO
C'est islamophobe.,no,NO
"L'islam n'a pas de pays propre, car vous ne connaissais pas la définition de l'islam.",no,NO
Je vous aime bien moi.,no,NO
"La République n'a pas toujours respecté ses propres valeurs: esclavage, colonialisme, infériorisation des femmes. Quand on montre du doigt, quatre doigts vous désignent!",no,NO
"Votre haine est la maladie, la tolérance est le remède.",no,NO
"Si tel est leur choix, vous ne pouvez pas leur interdire ce que les droits de l homme ont consacré, la liberté de culte.",no,NO
Normal si à chaque la république sort de son chapeau une Loi contre l'islam.,no,NO
A preuve du contraire il n'existe pas de pays nommé musulman ou la musulmanie n'existe pas encore.,no,NO
Au contraire les jeunes aiment jeuner pour faire comme tout le monde.,no,NO
C'est du délire islamophobe.,no,NO
Vous parlez a qui svp?,no,NO
Certains discours peuvent aussi être une forme d'agression.,no,NO
"Il n'y a nul contrainte en islam, le port du voile par la femme est un choix personnel, et de foi, il n'est nul exigé par la famille ou le mari.",no,NO
Non musulmans retournez dans vos pays!,no,NO
Pourquoi se terminent ils tous en -iste?,no,NO
C'est un argument des islamophobes.,no,NO
N'est ce pas la peur de la différence qui vous fait dire çelà?,no,NO
Les musulmans n'impose rien.,no,NO
"Non. Les discours discriminants à l'encontre d'une religion, si.",no,NO
C'est d'ailleurs pour ça qu'ils sont des millions à venir vivre dans des pays où la majorité de la population n'est pas musulmane.,no,NO
"Notre pays c'est la France! C'est ici que nous sommes nés, c'est ici que nous avons grandi, c'est ici que nous payons nos impôts et c'est ici que nous mourrons.",no,NO
"Environ 6 Millions de musulmans citoyens en France contre une dizaine de personnes ""terroriste"" vous permet de tremper tout le monde dans le même bain? Belle Réflexion!",no,NO
Autant de mots décrivant votre manque de personnalité. Jolie copier-coller tiré des logorrhées de pseudo experts en terrorisme.,no,NO
C'est une religion de souche!,no,NO
Encore une théorie transmise par islamophobe.,no,NO
Ta haine aussi.,no,NO
Faudrait déjà que la République est des valeurs. Comme par exemple respecter la religions des autres.,no,NO
"Avez vous un exemple concret, connaissez vous la population musulmane?",no,NO
Les femmes ayant la foi portent un foulard par conviction religieuse et certainement pas soumise à qui que ce soit si ce n'est le créateur!,no,NO
L islam est bien sûr compatible avec la république. La plupart des musulmans sont complètement prenant dans la société dans les organisations diverses et variées tel que les associations de parents d élèves de quartiers où autres le vivre ensemble est très important.,no,NO
Le voile est contraire à la laïcité.,yes,NO
Je comprends que je ne représente pas ton idéal féminin mais sache que ce voile est ma fierté.,no,NO
Un bout de tissu et tu te sens agressé ; tu es quelques peu sensible.,no,NO
"En étant voilées elles ne sont pas soumises, elles vivent pleinement leur religion.",no,NO
Copé est passé par là.,no,NO
Incitation à la haine.,no,NO
Il n'y a que des extrémistes pour tenir ses propos.,no,NO
"Personnellement dans mon entourage, toutes les femmes que je connais qui portent le voile, l'ont fait en leur ame et conscience. Et vous, avez vous pris le temps de discuter respectueusement, sans a priori, avec une femme qui porte le voile?",no,NO
Nous n'obligeons personne à manger hallal.,no,NO
Les musulmans sont des humains et essaient de subsister comme tout le monde.,no,NO
Un voile n a rien d'agressive. Vos mots le sont.,no,NO
L'islam ne déteste pas l'Islam les femmes. Elles sont partie intégrantes de la société.,no,NO
Pas besoin de répondre.,no,NO
Le musulmans détestent les actes et non pas l Homme.,no,NO
Arrêtez la calomnie et les rumeurs.,no,NO
"Le soucis est historique et il convient que chaque côté se réconcilie avec son histoire (civilisation islamique, reconquista, et jen passe).",no,NO
Ce n'est qu'un bout de tissus.,no,NO
"Le voile est la protection de la femme, sont honneur et un signe de pudeur et de foi.",no,NO
L'islam est la religion de l'obscurantisme.,yes,NO
"L'amalgame est facile puisqu'il part d'un sophisme. Tous les terroristes sont musulmans (cela reste à prouver). Les musulmans sont tous musulmans, donc tous les musulmans sont terroristes. Cette phrase est aussi vraie que ce sophisme: Tous les chats sont mortels. Socrate est mortel, donc Socrate est un chat.",no,NO
Femmes au foyer c'est pas un gros mots!,no,NO
Votre objectif est de briser la concorde nationale? Vous n' y parviendrez pas.,no,NO
"La plupart des musulmans francais sont nés en france, comment font ils concretement pour retourner chez eux?",no,NO
Le critère d'emploi qui compte pour n'importe quel patron est plutôt la compétence pour le poste à exercer et non la religion.,no,NO
Vous créez le communautarisme.,no,NO
A fait e de fabriquer des prob la ou il n'y a pas lieu d'être on va finir par croire que c'est à cause de l'islam qu'il y'a du chômage en France! Pathétique.,no,NO
"Je suis française, je ne suis jamais sentie aussi française qu'en suivant l'islam.",no,NO
Propos isamophobes.,no,NO
"En France, nous avons une interprétation erronée de la laïcité. Allez voir en Angleterre les femmes voilées travaillent dans toutes les branches et même la fonction publique.",no,NO
"Que voulez vous , rien ne change dans nos monastères!",no,NO
"Si pour vous, prier et faire le bien est un problème,alors c est vous le problème.",no,NO
"Il faudrait des musulmans qui accèdent au pouvoir pour cela,c est loin d être le cas.",no,NO
T'aime pas la couleur?,no,NO
Ces votre vision des choses cela ne veut pas dire qu'en vous avez raison.,no,NO
Pas plus que vos mini jupe et autres.,no,NO
Discrimination.,no,NO
N'êtes vous pas entrain de faire un procès d'intention?,no,NO
"Au contraire, il n'y a nulle religion qui met autant en valeur la femme que l'islam!",no,NO
"Je suis musulmane et je suis la sunna de mon Prohète Mohammed, PSL.",no,NO
"Et pour les autres religions, on dit quoi?",no,NO
Mon voile est un choix respectable.,no,NO
C'est les politiques qu'ils l'ont rendu compliqués avec des lois qui ont ni queues ni tête.,no,NO
Vous ne connaissez donc aucun musulman.,no,NO
"L'islam considère que la femme est un joyau. Et comme toute pierre précieuse, elle doit être préservé des regards malsaints.",no,NO
C'est une parole des extrémistes.,no,NO
"Les musulmans sont libre de vivre ou ils veulent, comme tout être humain dans ce monde.",no,NO
Faux! Absolument faux! La tolérance le respect la sagesse et la Paix entre autres sont les valeurs de cette religion.,no,NO
Il y a retour à la foi de manière générale.,no,NO
Qui vous l'a confirmé? Quelles sont vos sources?,no,NO
C'est faux nous sommes musulmans qui veut dire soumission au seigneur Ce dernier est bon et nous commande de faire que le bien.,no,NO
Si on était tous des terroristes le monde n'existerait plus lol.,no,NO
"Du temps du Prophète Mohamad, les femmes participaient activement à la vie de société.",no,NO
Savez vous que plus de 90% des victimes mondiales du terrorisme sont musulmanes?,no,NO
Quelle est l'agression? Définissez ce qui est fait CONTRE vous?!,no,NO
La richesse d'un pays c'est son brassage si vous ne le supportez pas alors rentrez dans votre pays d'intolérant.,no,NO
Pourtant à la télévision il sont inexistant!,no,NO
Majeures.,no,NO
Non ces le droit à chaque personne de s'habillier librement.,no,NO
L'islam respecte la république.,no,NO
"Réponse par l'absurde: s'ils l'étaient ""tous"", il y aurait autrement plus de victimes puisque les musulmans sont près de 2 milliards dans le monde!",no,NO
Elles portent le voile parce qu'elle sont libre de le porter.,no,NO
Nous sommes déjà dans nôtres chère pays français de confession musulman.,no,NO
"L'islamophobie n'est pas une opinion, c'est un délit.",no,NO
Cela sous entend que je suis venu de qq part or je suis née ici.,no,NO
J'ai meme entendu dire par NKM qu'ils seraient meme kouffaristes.,no,NO
Accepte moi avec mon foulard.,no,NO
Beaucoup de femmes voilées sont cultivées et font ce choix contre l'avis de leurs maris ou famille.,no,NO
"Je suis musulmane et aucun de ces adjectifs ne me représente, donc, non.",no,NO
L'islamophobie est un délit tout comme toute forme de racisme.,no,NO
"Vous n'avez pas vu des femmes politiques, des sportives, des journalistes?",no,NO
"L'histoire des juifs prouve le contraire. Ce sont les musulmans qui ont assuré leur protection quand des ""catholiques"" les pourchassaient et voulaient les exterminer.",no,NO
De quel Pays parlez-vous? Où souhaitez-vous les déporter? En Allemagne? Ou peut être à Drancy? A vous lire.,no,NO
En France car ils ont peut de la différence de l'autre depuis toujours. Historiquement prouvé.,no,NO
Le choix de la façon de s'habiller est une liberté personnelle et ne doit aucunement être source de discrimination.,no,NO
"Djihadiste, pianiste cycliste aussi mdrrr (Samia orosmane)",no,NO
Faudrait faire la différence entre choix et enfermées.,no,NO
Vous habitez sur quelle planète?,no,NO
Le voile symbolise l'acte de prier et est commun à toutes les religions.,no,NO
Pour quoi faire?,no,NO
"De même que les policiers le sont, obligés de porter leurs casques!",no,NO
Nous déplorons les attentats et la terreur qui en découlent. Nous déplorons toutes violences! Nous constestons tous amalgames entre musulmans et terroristes.,no,NO
"La femme voilée comme n'importe quel être humain est libre de protéger son corps comme elle le souhaite, elle n'a pas envie de plaire et encore moins de séduire pour pouvoir exister, elle veut être en paix avec sa conscience.",no,NO
Les femmes ont gagné plus de droit dans l'islam que dans n'importes autres religion.,no,NO
Des preuves? Il n'y en a pas. L'islam à été plutôt une source de lumière pour la renaissance de l'Europe comme l'attestent tous les travaux. L'islam n'a jamais pratiqué l'inquisition comme en atteste la coexistence intelligente entre les religions en Espagne musulmane.,no,NO
"Il y a même beaucoup de grandes chefs de entreprises et de grands diplômées,je pour en citer quelques unes(si cela vous intéresse bien sûr).",no,NO
Les musulmans ne sont pas un problème. Ils cherchent leur place dans la société et n inspirent qu a vivre en paix mais ne souhaite pas vivre caché où être assimilé. Nous sommes tous une force pour notre société.,no,NO
"Le voile est un accessoire qui permettent aux femmes d être reconnue en tant que personne et de ne pas être vue seulement par son enveloppe. C est une protection qui se relève important au vue desormais des scandales sexuelles qui ressortent aujourd hui avec les balances ""ton porc"".",no,NO
Pourquoi dans de haine pour une communauté qui ne demandent juste d'être en paix :(.,no,NO
Les musulmans veulent rendre toute la viande francaise halal.,yes,NO
"Et donc, la meilleure solution pour les sortir de cette soumission serait de les culpabiliser dans l'espace public de manière systématique et quoi qu'elles veuillent faire, de les insulter en permanence en niant leur intégration et leur volonté d'aspirer à une vie décente? Drôle de projet d'inclusion, et de manière de sortir quelqu'un de sa soumission.",no,NO
En politique absent!,no,NO
"Le voile islamique est discret, celles qui le portent le sont bien souvent, et portent en elles un message de tolérance, apaisé.",no,NO
Apportez vos sources que nous vous les expliquions un à un.,no,NO
Et un troisième non pour les haineux.,no,NO
"En fin de compte, les musulmans veulent soit nous convertir soit nous tuer.",yes,NO
Beaucoup enlevé leur voile pour bosser.,no,NO
Les musulmans sont dans tous les pays.,no,NO
"Faux, la majorité de musulmans respecte les valeurs républicaines.",no,NO
Le terrorisme est contraire à l'islam qui ne tolère que les guerres défensives et respectant les civils.,no,NO
"L'islam est religion de paix et de tolérance. Cela a fait ses preuves plusieurs fois dans l'histoire lorsque cette religion a été bien comprise et bien appliquée, sans intervention de l'intérêt personnel des humains.",no,NO
"Les femmes voilées ne sont soumises qu'a leur Seigneur, Créateur de toute chose.",no,NO
"La terre EST à Dieu, pas à vous",no,NO
Trop d'imagination.,no,NO
Il ne vous est pas demander d'aimer les femmes musulmanes mais de les respecter et de ne pas les discriminer. Merci.,no,NO
"Si tous Les musulmans partaient il n'y aurait plus d'économie en France, qui paient encore les retraites?",no,NO
Pour une devoir en 1ère pourriez vous me communiquer vos données avec les sources?merci bien à vous.,no,NO
Pas du tout combien de femme voilees travailler beaucoup.,no,NO
Mise en danger de la vie des musulmans.,no,NO
"Tu connais tout les musulmans, ça doit en faire du monde.",no,NO
"Comme le port de tous les autres signes religieux (croix ou kippa par exemple), le port du voile est garantie par la laïcité.",no,NO
Le probleme vient des islamophobes que l'on entend trop et dont les medias donne trop d'écho.,no,NO
Je peux aussi dire étranger retourne dans ton pays aussi.,no,NO
Ne les empêcher pas de travailler et d'étudier alors.,no,NO
Les femmes d'autres religions se voilent sans qu'on les traitent de femmes soumises.,no,NO
Les projections des démographes ne confirment pas cette crainte.,no,NO
"Tout comme vous, les femmes voilées sont dotées du libre arbitre. Le port ou non du voile est une décision personnelle.",no,NO
Quid des sog'es Dans les autres religions?,no,NO
"Tous les terroristes connus n'avaient jusqu'alors aucune pratique de l'islam, leur profil est connu de tous!",no,NO
La seul réponse des bêtes est la haine.,no,NO
"A l heure actuelle , le seul terrorisme est le terrorisme d etat. Je ne citerai pas la grande puissance mondiale qui s est octroyé le droit de vie et de mort sur la planéte entiere ou encore certains états voyoux assassins coloniaix proxhe orientaux.",no,NO
L'islam est une maladie qui doit être éradiquée.,yes,NO
En islam les femmes sont libres comme les autres.,no,NO
Be muslim and keep calm ;-),no,NO
C'est que la propagande de masse fonctionne bien.,no,NO
(désolé pour cette réponse) L O L.,no,NO
Certaines femmes travaillent. D'autres non. Les femmes voilées sont des femmes. Certaines travaillent. D'autres non.,no,NO
N'hésitez pas à consulter un ophtalmologiste si vous voyez des choses qui n'existent pas.,no,NO
Encore une ânerie.,no,NO
"Les femmes voilées sont respectables , vos propos non.",no,NO
"Avec une telle fausse affirmation, on ne peut sûrement pas faire confiance à votre jugement! Cette façon d'essentialiser ne convaincra personne.",no,NO
Les strings ne vous agressent pas?,no,NO
Les musulmans profitent du système français.,yes,NO
C'est ce que les medias veulent faire penser.,no,NO
C'est surtout un débat médiatisé.,no,NO
Non puisque vous en voulez pas.,no,NO
Je ne comprend pas ce terme.,no,NO
Elles ne sont soumises que à Dieu.,no,NO
Non car Notre seigneur n'oblige personne à faire quoi que ce soit c'est notre volonté.,no,NO
Ce n'est pas l'Islam qui s'est imposé dans les sphères politiques mais bien la volonté des êtres humains sans scrupules de montrer cette religion et ces pratiquants dû doigts.,no,NO
Je serais sans doute loin si c était vrai.,no,NO
Les gens oublient votent que nos pères ont construit la France qui été détruit pendant la seconde guerre. Quel ingratitude.,no,NO
"Plus de 1400 ans que l'Islam existe, donc plus de 1400 ans que l'Islam est politique.",no,NO
"Ensuite, je peux dire que ""tous les Allemands sont des nazis."".",no,NO
Il faut se renseigner avant d'affirmer quoi que ce soit.,no,NO
"Mon pays est la France, mais j'y songe!",no,NO
"Honnêtement, ce genre de commentaire ne mérite même pas de réponse.",no,NO
"Pourquoi la soumission est-elle désapprouvée quand elle est liée à la religion? Dans toutes les religions, les gens se soumettent à leur Dieu.",no,NO
"Elles sont de plus en plus nombreuses,cela doit leur plaire.",no,NO
"Ca n a aucun sens de dire que les musulmans sont tous des terroristes. C est faire un amalgame , les musulmans sont des êtres humains comme les autres, on ne peut pas mettre tout le monde dans le même sens. Nous avons tous nos particularites, nous ne sommes pas un groupe uniforme, nous avons des parcours des situations différentes des aspirations differentes.",no,NO
Je vous invite à vous intéresser à l'histoire de l'indonésie.,no,NO
Ces gens qui comettent ces actes sont des personnes désorientées.,no,NO
Regarde ailleurs ?.,no,NO
On peut être musulman et être français.,no,NO
L'oppression et la stigmatisation ne sont pas des moyens libérateurs si soumission il y avait.,no,NO
Vous parlez au nom des femmes dont les droits sont bafoués c'est très bien. Qu'en est-il des femmes qui adopte le choix de le porter?,no,NO
C'est raciste.,no,NO
L'islam prône la paix et l'amour.,no,NO
En 2030 en France 10% de la population en France sera musulmane. Soit une majorité écrasante ;-),no,NO
"Les femmes portent des pantalons si elles le veulent, les hommes portent des jupes s'ils le souhaite. Où est le problème?",no,NO
Je suis voilée et je travaille.,no,NO
Un musulman qui fait cela n'a rien compris à sa religion.,no,NO
"L'islam n'est pas une maladie. C'est une religion, et chacun est libre de la pratiquer ou non.",no,NO
La preuve y en a dans la rue.,no,NO
Dans votre pays? Ou ça en musulmanie?,no,NO
Ils le font. Mon voisin Jean Dupont (un Musulman) est rentré en Ardèche récemment.,no,NO
Sur quel fait vous vous appuyez pour affirmer cela?,no,NO
Mon voile est personnelle et reflète mes seules intimes convictions.,no,NO
Si cela est une agression je te conseille de vivre dans une grotte parce qu'il y en aura de tout temps des femmes voilées.,no,NO
Mon passeport et ma carte d'identité sont formels : j'y suis déjà.,no,NO
Ma place et mon monde c'est la planète terre.,no,NO
Le terrorisme religieux existe dans toutes les religions et cela reste infiniment minoritaire.,no,NO
Discours de haine. Pas d'amalgames. Le terrorisme n'est pas lié à une religion ou à une race.,no,NO
Les musulmans sont des travailleurs et n'ont des voleurs.,no,NO
Ça n'a rien à voir avec la politique.,no,NO
Une femme qui décide de porter le voile à effectuer tt un cheminement spirituel de ce fait elle a choisit de le porter par chx perso!,no,NO
"L'islam veut dire la paix, que la paix soit avec vous mes frères et soeurs dans l'humanité.",no,NO
Les femmes voilées travaillent quand elles le souhaitent.,no,NO
Commence par la folie dont tu es atteint.,no,NO
Si il est très compatible même.,no,NO
La démonstration ou les démonstrations il y a un s en trop et des lacunes en culture générale.,no,NO
Mensonge.,no,NO
Amalgame islam et musulmans.,no,NO
As t'on déjà vu une femme voilé à l'Assemblée Nationale ?,no,NO
C'est un mythe qui est répandu dans les milieux identitaires rassurez vous.,no,NO
"Les femmes voilées ne travaillent pas, elles sont enfermées à la maison.",yes,NO
"L'islam ne connaît pas la guerre, l'islam est tout le contraire de la guerre, ce n'est que de l'amour et paix.",no,NO
L'islam est une religion qui invite au dialogue et le respect d'autrui.,no,NO
Si c'était le cas Sa serais un grand bordel en France.,no,NO
Les femmes n'ont pas besoin de vous pour vous exprimer à leur place.,no,NO
Pas du tous c'est comme dire que ce lui qui porte une kippa et politique.,no,NO
Avez vous étudiez l'islam?,no,NO
En quoi est-ce une soumission de cacher ses atours?,no,NO
Vive la République et vive La France! Fière d'être française de confession musulmane.,no,NO
"Etre musulman est une spiritualite, l esprit est omniprésent.",no,NO
Diviser pour mieux régner!,no,NO
Je n'ai jamais vu une femme voilée invitée sur un plateau tv pour lui demander son avis.,no,NO
"Alors que c'est bien connu, le christianisme a été créé en même temps dans tous les pays du monde où il est religion majoritaire.",no,NO
Ces que tu comprend pas le sens de cette tenu.,no,NO
Ah bon? Et pourquoi donc ne trouvons nous pas de femmes voilées en politique?,no,NO
Je ne suis plus français ?,no,NO
"Je ne connais pas de parti religieux en France, de quoi on parle? De femmes françaises?",no,NO
(en réagissant à une attaque terroriste:) bien sûr encore un blond aux yeux bleus qui s'appelle édouard.,yes,NO
Les musulmans sont tous violents.,yes,NO
Les musulmanes ne veulent pas interdire le blasphème.,no,NO
"Existe il des statistiques concernant les auteurs des actes violents commis contre les femmes, et qui permettent de se prononcer ainsi.",no,NO
Je travaille c est faux.,no,NO
Elles sont libres de le faire.,no,NO
"Vous ne connaissez rien à cette religion, ni à ses pratiquants.",no,NO
C'est une pensée de personne non sensée.,no,NO
L'islam est une religion de paix et d'amour.,no,NO
C'est l'ignorance qui vous fait dire cette phrase.,no,NO
Il n'y a que lors des croisades et les colonisations que les peuples ont convertie de force les gens. L'islam a toujours respecté la religion des autres.,no,NO
"C'est la peur qui parle. Et certaines figures politiques savent utiliser cette peur et l'augmenter. L'islam est une religion de paix, rien ne va venir vous envahir si ce n'est vos peurs.",no,NO
"La parole des femmes voilées est trop souvent confisquée, les médias et les politiques n'ont de cesse de parler à leurs places, elles sont les premières concernés donnant leurs la parole.",no,NO
Et le voile chretien? Fait-il l'apologie du ku kux klan?,no,NO
Certaine culture sectaire prône la femme à la maison: cela n'est pas en rapport avec l'islam.,no,NO
Tolérance 0 en France.,no,NO
"C'est faux, ils le font d'eux même car ils savent le bienfait que C'est.",no,NO
"La dernière fois qu'un dirigeant s'est montré aussi catégorique à l'égard d'une minorité de son pays, il a tenté de les exterminer physiquement.",no,NO
"Vous ne le savez peut-être pas mais l'islam est une religion, pas une nationalité.",no,NO
Des musulmans sont plus chez eux que n'importe quel citoyen.,no,NO
"Je pense que si c'était le cas, nous n'aurions pas la chance de le dire.",no,NO
C'est un choix de travailler.,no,NO
Alors laissez nous tranquille.,no,NO
Enfin on reconnaît les musulmans en france.,no,NO
Si les musulmans était tous des terroriste la France serais un terrain guerre.,no,NO
Les femmes voilées sont actives.,no,NO
Donc un converti apprend à détester ses proches?,no,NO
Le jeune est une démarche personnelle.,no,NO
